nta_name,nta_code,borough,in_labor_force,civilian_labor_force,employed,unemployed,armed_forces,not_in_labor_force,workers_16+,vehicle,carpool,public_transit,walking,other_commuting_means,work_at_home,mean_commuting_time_(min),occ_civilian_employed_16+,mng_biz_sci_arts,service,sales_office,natres_construct_maint,prod_transport_moving,class_civilian_employed_16+,salary_workers,govt_workers,self-employed,unpaid_family_workers,total_households,hincome_10K_under,hincome_10K_15K,hincome_15K_25K,hincome_25K_35K,hincome_35K_50K,hincome_50K_75K,hincome_75K_100K,hincome_100K_150K,hincome_150K_200K,hincome_200K_more,median_hincome,mean_hincome,median_earnings,median_earnings_male,median_earnings_female,all_families,all_families_below_poverty,pop_poverty_status_determ,pop_below_poverty
Allerton-Pelham Gardens,BX31,Bronx,15835,15835,14887,948,0,10779,14471,6198,967,6208,598,120,380,44.0,14887,5430,3502,3164,1195,1596,14887,11398,2844,604,41,9634,510,389,838,726,1073,1476,1372,1784,759,707,71414.0,88250.0,39182.0,50078.0,49112.0,7344,601,30243,3434
Bedford Park-Fordham North,BX05,Bronx,29295,29269,25755,3514,26,14923,24837,3502,876,17346,2159,388,566,43.7,25755,4397,9900,5432,2037,3989,25755,21777,2489,1466,23,19447,2608,1874,2550,2232,2602,3680,1998,1270,280,353,37282.0,54033.0,25194.0,35131.0,33773.0,13366,3979,57380,18625
Belmont,BX06,Bronx,12206,12191,10284,1907,15,10208,9854,1354,346,5652,1671,266,565,42.4,10284,1947,3609,2364,1063,1301,10284,8743,1029,504,8,9100,1615,1120,1456,1129,1371,1386,396,579,6,42,28484.0,38077.0,16113.0,32700.0,28710.0,5856,1967,26275,10141
Bronxdale,BX07,Bronx,18614,18614,16251,2363,0,12042,15816,4018,518,9368,1221,302,389,46.1,16251,4045,4686,3720,1769,2031,16251,13011,2328,881,31,14562,1957,1761,1799,1179,2229,2492,1291,1260,410,184,38587.0,50720.0,29471.0,39626.0,39773.0,9260,2372,38787,10503
Claremont-Bathgate,BX01,Bronx,13226,13226,11111,2115,0,11830,10675,1573,311,7424,805,163,399,48.5,11111,1771,5210,2091,530,1509,11111,8981,1485,626,19,11131,2235,1805,1514,1528,1596,1285,529,475,130,34,25061.0,37407.0,20295.0,37323.0,33137.0,7621,3307,34558,15763
Co-op City,BX13,Bronx,23143,23143,21153,1990,0,16815,20546,6406,731,11410,1299,340,360,50.7,21153,6967,5497,6222,1327,1140,21153,14986,5555,612,0,19687,1270,1362,1717,2325,2898,3720,2657,2527,947,264,51613.0,63295.0,40177.0,51351.0,45256.0,11248,1004,45471,4975
Crotona Park East,BX75,Bronx,9857,9857,8851,1006,0,6859,8445,1706,512,5349,506,103,269,41.2,8851,1863,3279,1765,758,1186,8851,7022,1303,526,0,7849,1769,1143,1223,701,997,837,537,275,197,170,22123.0,43896.0,22303.0,32745.0,33702.0,4947,1998,21995,8938
East Concourse-Concourse Village,BX14,Bronx,29413,29413,26243,3170,0,20651,25392,3728,845,17436,2052,537,794,41.7,26243,5318,10896,4821,1130,4078,26243,21174,3148,1886,35,22700,3740,2591,3358,2373,3026,3445,2037,1439,387,304,32012.0,46920.0,23338.0,37644.0,32858.0,14215,4382,63568,21901
East Tremont,BX17,Bronx,18560,18560,15621,2939,0,14542,14958,2978,392,9743,929,335,581,44.6,15621,2699,6489,3517,879,2037,15621,12512,1959,1150,0,15289,3133,2115,2666,1712,1658,2157,880,678,188,102,23863.0,38738.0,20535.0,38075.0,28472.0,10048,3801,43169,17330
Eastchester-Edenwald-Baychester,BX03,Bronx,18506,18506,16949,1557,0,12102,16315,5785,1071,8322,754,240,143,49.6,16949,5102,5428,3468,1218,1733,16949,12797,3484,644,24,12038,889,749,1136,1434,1434,2025,1404,1621,894,452,54568.0,73035.0,31963.0,42715.0,42245.0,8943,1309,37371,6566
Fordham South,BX40,Bronx,12472,12472,10574,1898,0,7980,10258,1345,327,7225,789,47,525,46.4,10574,1688,4671,2380,633,1202,10574,8895,854,825,0,8970,1825,1005,1549,909,1457,1036,682,405,85,17,26122.0,36767.0,20968.0,28024.0,29538.0,6256,2690,27897,12485
Highbridge,BX26,Bronx,17351,17332,15508,1824,19,11513,15056,2360,599,10145,1302,322,328,43.3,15508,2805,5671,3703,657,2672,15508,13182,1815,496,15,13498,2313,1525,2096,1929,1743,1938,918,801,127,108,28803.0,39706.0,23669.0,35183.0,30771.0,8825,3141,38816,14695
Hunts Point,BX27,Bronx,10012,10012,8920,1092,0,9812,8736,1425,240,5566,1012,120,373,43.6,8920,1524,3542,1727,705,1422,8920,7767,754,399,0,8487,1932,955,1409,924,1310,878,493,393,87,106,24594.0,38489.0,22424.0,32540.0,27543.0,5637,2014,25293,10009
Kingsbridge Heights,BX30,Bronx,15920,15920,14362,1558,0,8703,13996,1817,344,9884,1081,232,638,45.2,14362,2217,5503,3071,1185,2386,14362,12092,1361,888,21,11203,1555,1140,1792,1126,1609,1754,1207,659,268,93,34877.0,46817.0,22824.0,35159.0,27190.0,7417,1862,31476,8560
Longwood,BX33,Bronx,11957,11945,10366,1579,12,8961,10051,1309,414,7093,735,258,242,46.2,10366,2217,3738,2463,538,1410,10366,8457,1296,610,3,9183,1537,1385,1241,1255,1222,1115,639,542,133,114,28182.0,42083.0,23372.0,35125.0,31195.0,6088,2016,27353,9912
Melrose South-Mott Haven North,BX34,Bronx,17344,17344,15471,1873,0,13878,15102,2290,594,9886,1368,291,673,42.4,15471,2900,5905,3705,1028,1933,15471,13060,1565,846,0,14725,2986,1898,2063,1960,1968,1718,1054,574,272,232,26860.0,45094.0,23609.0,32250.0,31579.0,9542,3410,42675,17040
Morrisania-Melrose,BX35,Bronx,18110,18100,16110,1990,10,12991,15614,2995,345,10056,1529,253,436,43.7,16110,3050,6474,3301,966,2319,16110,12983,2218,869,40,14449,2446,1570,2632,1562,1847,1851,1172,965,188,216,28862.0,47047.0,25347.0,33702.0,36169.0,9617,2906,40591,13766
Mott Haven-Port Morris,BX39,Bronx,21989,21982,19314,2668,7,18028,18547,2289,483,13130,1792,539,314,42.6,19314,3200,7722,4322,1189,2881,19314,16230,2069,980,35,18954,4307,2747,3311,2041,2541,1642,1137,796,268,164,21736.0,35589.0,21964.0,30281.0,32611.0,12119,5094,53663,23848
Mount Hope,BX41,Bronx,24971,24907,22209,2698,64,14966,21528,3398,763,14341,1661,311,1054,41.1,22209,3812,8871,4764,1424,3338,22209,18842,1955,1395,17,17597,2630,2369,2891,1774,2737,2596,1286,890,302,122,30793.0,41920.0,21989.0,30529.0,29004.0,11935,3710,52656,18218
North Riverdale-Fieldston-Riverdale,BX22,Bronx,13329,13329,12413,916,0,9851,12161,4658,781,5046,740,175,761,44.9,12413,7537,1564,2356,521,435,12413,9200,2295,896,22,10851,530,312,635,695,828,1431,1665,1988,1089,1678,89931.0,126194.0,52933.0,81101.0,71716.0,6053,325,24116,2150
Norwood,BX43,Bronx,20676,20676,18187,2489,0,11473,17573,2654,651,11378,2032,158,700,46.5,18187,4233,6632,4046,1422,1854,18187,15168,1763,1159,97,14505,1810,1552,1965,2123,2067,2428,1041,1061,290,168,34002.0,48141.0,23474.0,36296.0,35887.0,9721,2935,41614,13719
park-cemetery-etc-Bronx,BX99,Bronx,393,393,355,38,0,152,343,33,24,281,0,0,5,10.5,355,156,110,54,9,26,355,281,74,0,0,264,49,28,29,11,26,43,20,11,5,42,41999.0,49980.0,41680.0,61551.0,42261.0,202,60,831,281
Parkchester,BX46,Bronx,17348,17348,15765,1583,0,7417,15473,2723,603,10758,810,325,254,50.3,15765,5177,4396,3701,786,1705,15765,11891,2932,921,21,12841,891,601,1419,1020,1851,3105,1532,1961,263,198,54550.0,63544.0,36820.0,42893.0,51355.0,7543,1178,30335,5402
Pelham Bay-Country Club-City Island,BX10,Bronx,14066,14066,13305,761,0,8222,12938,5894,818,5036,338,180,672,41.3,13305,5229,2871,3299,1092,814,13305,9436,3111,715,43,11258,496,717,936,943,1171,1655,1934,1709,1047,650,70520.0,83610.0,48070.0,58319.0,56043.0,6810,648,26691,2708
Pelham Parkway,BX49,Bronx,15853,15848,14374,1474,5,8180,14164,3676,845,7563,1437,165,478,43.3,14374,5253,3469,3185,926,1541,14374,10875,2769,723,7,11276,894,578,998,960,1499,2259,1311,1743,496,538,56218.0,75205.0,39088.0,51299.0,48820.0,7223,1039,28514,4720
Rikers Island,BX98,Bronx,0,0,0,0,0,7080,0,0,0,0,0,0,0,0.0,0,0,0,0,0,0,0,0,0,0,0,0,0,0,0,0,0,0,0,0,0,0,0.0,0.0,11365.0,14999.0,31561.0,0,0,0,0
Schuylerville-Throgs Neck-Edgewater Park,BX52,Bronx,23110,23104,21414,1690,6,14733,20838,10185,1809,7033,986,408,417,41.8,21414,7313,4879,5202,1810,2210,21414,16501,4262,619,32,16827,1351,1024,1592,1028,1685,2431,1958,3126,1431,1201,67536.0,85249.0,41538.0,60349.0,52320.0,11215,1229,45098,5807
Soundview-Bruckner,BX55,Bronx,16047,16047,14095,1952,0,12122,13592,2477,416,9177,1017,178,327,45.4,14095,2643,4679,3293,1620,1860,14095,11782,1421,868,24,11747,1842,1168,1934,1567,1500,1517,837,930,275,177,30184.0,47672.0,23143.0,31898.0,35411.0,8126,2397,36635,12091
Soundview-Castle Hill-Clason Point-Harding Park,BX09,Bronx,22657,22594,20413,2181,63,20401,20092,7250,828,10254,1128,318,314,46.0,20413,5755,5909,4474,1145,3130,20413,15001,4661,740,11,19318,2380,2004,2293,1994,2290,3440,1942,1848,678,449,41072.0,58824.0,33264.0,45523.0,38630.0,13149,3190,54556,14835
Spuyten Duyvil-Kingsbridge,BX29,Bronx,16289,16289,15205,1084,0,9660,14707,3964,659,7657,946,489,992,46.8,15205,8180,2971,2711,562,781,15205,12044,2138,1015,8,13641,788,764,1278,803,1162,2261,1747,2241,1308,1289,71945.0,99641.0,50552.0,61923.0,65795.0,7392,727,30170,3985
University Heights-Morris Heights,BX36,Bronx,23818,23818,21001,2817,0,17953,20635,3248,729,13694,1509,680,775,44.1,21001,3722,8142,4682,1434,3021,21001,17509,2370,1096,26,19291,3502,3168,3077,2102,2336,2506,1322,806,325,147,24603.0,38224.0,22070.0,34472.0,30224.0,12942,5004,55921,23146
Van Cortlandt Village,BX28,Bronx,26096,26096,23680,2416,0,13166,22745,4210,660,14680,2044,384,767,46.6,23680,6271,8703,4945,1305,2456,23680,18554,3637,1481,8,18009,1926,1473,2604,1571,2370,3411,1915,1751,578,410,44003.0,56925.0,26291.0,38939.0,37832.0,11850,2864,49820,13219
Van Nest-Morris Park-Westchester Square,BX37,Bronx,13964,13964,12522,1442,0,8438,12385,3472,703,6378,1111,381,340,42.2,12522,3597,3296,3038,1053,1538,12522,10308,1522,675,17,9477,967,547,1101,942,1200,1710,1025,1061,640,284,49727.0,64606.0,30284.0,40821.0,45145.0,6592,1304,28353,6288
West Concourse,BX63,Bronx,17511,17482,15733,1749,29,11266,15391,1416,429,11181,1349,399,617,41.4,15733,2652,6617,2942,1312,2210,15733,13253,1556,834,90,13331,1986,1594,2284,1826,1820,1843,1042,600,176,160,28758.0,42188.0,23398.0,30841.0,31143.0,8807,2978,37794,13192
West Farms-Bronx River,BX08,Bronx,15895,15884,14273,1611,11,11315,13879,2797,790,8698,791,283,520,44.4,14273,1972,5760,2798,1810,1933,14273,11375,1744,1154,0,11998,1921,913,1825,1796,1694,1813,900,805,233,98,31999.0,43953.0,22114.0,35366.0,31222.0,8421,2552,35722,12424
Westchester-Unionport,BX59,Bronx,13867,13858,12373,1485,9,8575,12089,3617,649,6738,618,197,270,45.7,12373,2984,3818,3040,982,1549,12373,9774,1864,731,4,9100,929,716,1023,906,983,1526,1085,1214,436,282,49849.0,63935.0,29736.0,40079.0,40781.0,6367,1263,27934,6198
Williamsbridge-Olinville,BX44,Bronx,32889,32885,28900,3985,4,19232,27970,8332,1464,15344,1596,626,608,46.4,28900,7025,9893,6540,2016,3426,28900,23038,4319,1502,41,22305,2622,1777,2678,2255,2972,4147,2004,2496,782,572,44036.0,59194.0,30479.0,42049.0,39991.0,14706,3051,65772,14711
Woodlawn-Wakefield,BX62,Bronx,23606,23598,21710,1888,8,12756,20928,8078,1366,9760,995,317,412,46.1,21710,8387,5473,4421,1357,2072,21710,16726,4087,850,47,15186,1230,833,1072,1339,1631,2749,2076,2525,867,864,62175.0,79562.0,36438.0,51025.0,43531.0,10140,1033,43674,5943
Bath Beach,BK27,Brooklyn,16073,16047,15113,934,26,10133,14734,4086,858,8146,917,130,597,47.6,15113,5153,3312,3252,1600,1796,15113,12006,1928,1179,0,11295,518,755,1332,937,1241,1559,1545,1945,827,636,62248.0,82098.0,36495.0,51956.0,46377.0,8155,940,32817,5232
Bay Ridge,BK31,Brooklyn,42367,42144,39717,2427,223,23062,38657,8432,1975,22521,3285,591,1853,45.4,39717,19835,6492,8549,1937,2904,39717,30577,6614,2434,92,33110,2163,1545,2852,2568,3128,5156,3780,5823,2412,3683,70823.0,97326.0,48809.0,65223.0,62873.0,18895,2239,78842,11774
Bedford,BK75,Brooklyn,37293,37241,34159,3082,52,19372,33497,3783,897,20989,4383,1499,1946,38.4,34159,15267,6919,7411,1223,3339,34159,27474,4354,2297,34,26670,3217,2197,3466,2290,2673,3727,2538,2973,1725,1864,46476.0,75825.0,35139.0,50910.0,49176.0,15019,4150,77422,24886
Bensonhurst East,BK29,Brooklyn,32313,32313,30179,2134,0,20672,29438,5911,2048,17699,2041,716,1023,47.3,30179,9983,7261,6305,2790,3840,30179,24527,3646,1954,52,22457,1690,1527,2842,2086,2684,3604,2459,2984,1443,1138,52527.0,73042.0,31259.0,47545.0,42585.0,16487,2854,65368,12655
Bensonhurst West,BK28,Brooklyn,45705,45691,42463,3228,14,27952,41146,8261,3009,24407,3754,661,1054,45.7,42463,12399,11410,8921,4721,5012,42463,34892,4318,3215,38,29892,1897,1922,3630,2973,4200,4604,3599,3702,1880,1485,51567.0,73256.0,28118.0,41533.0,42664.0,21943,3272,90404,16444
Borough Park,BK88,Brooklyn,36588,36575,34782,1793,13,27207,33725,6800,2781,11611,10104,824,1605,33.6,34782,12096,6240,10985,2577,2884,34782,30203,2184,2336,59,25857,1887,2283,4157,3378,3128,3488,2404,2764,1258,1110,41017.0,64990.0,21780.0,41846.0,37934.0,20940,6444,101653,36835
Brighton Beach,BK19,Brooklyn,15074,15055,14162,893,19,13382,13848,3210,578,7523,1770,230,537,46.5,14162,4961,3865,2407,1172,1757,14162,11841,1526,795,0,14287,1423,2287,1667,1282,1408,2232,1165,1429,727,667,39577.0,61830.0,33380.0,47935.0,48603.0,8676,1794,34096,9205
Brooklyn Heights-Cobble Hill,BK09,Brooklyn,14535,14526,14080,446,9,6340,13810,708,132,9508,1632,617,1213,32.0,14080,11162,704,1823,214,177,14080,11806,1473,790,11,11338,402,296,446,469,610,899,1231,1781,1570,3634,135413.0,215829.0,89730.0,100000.0,98034.0,4917,98,22334,1733
Brownsville,BK81,Brooklyn,20606,20606,16733,3873,0,21049,16021,2847,519,11204,996,103,352,49.5,16733,3541,6685,3600,963,1944,16733,12797,3031,905,0,21343,6269,2650,2919,1963,2563,2460,1091,1070,148,210,20295.0,37269.0,26386.0,38944.0,35624.0,10501,3373,50853,21848
Bushwick North,BK77,Brooklyn,32461,32461,30281,2180,0,14053,29641,3356,657,20640,2550,1179,1259,40.4,30281,10614,7414,5514,3109,3630,30281,25779,2309,2106,87,19532,1849,1407,2390,1689,2342,2875,2134,2844,1249,753,50727.0,69755.0,32633.0,39512.0,41648.0,10491,2924,56784,16456
Bushwick South,BK78,Brooklyn,39696,39696,35909,3787,0,20180,35162,4352,776,24728,2131,1437,1738,42.1,35909,12822,9247,7931,2511,3398,35909,29822,3744,2323,20,26921,3759,2483,2849,2374,2954,3854,2729,3342,1388,1189,44721.0,66570.0,32349.0,43415.0,41251.0,13831,3470,72284,19439
Canarsie,BK50,Brooklyn,45496,45430,42701,2729,66,24951,42042,14656,2235,22698,1245,479,729,49.8,42701,14355,11789,8819,3120,4618,42701,30568,10423,1651,59,29227,1910,1275,2416,2286,3388,4545,4322,5240,2261,1584,68291.0,82561.0,40108.0,49955.0,45751.0,21583,2405,87772,11597
Carroll Gardens-Columbia Street-Red Hook,BK33,Brooklyn,25214,25214,23349,1865,0,9545,22962,2016,467,14256,2604,1732,1887,36.6,23349,16299,2075,3831,426,718,23349,18675,2313,2345,16,18215,1809,981,806,960,1018,1729,1312,2448,2400,4752,109809.0,161484.0,71016.0,100000.0,83922.0,10599,1224,43272,6078
Clinton Hill,BK69,Brooklyn,23479,23479,22203,1276,0,9085,21705,2152,510,14262,1949,1565,1267,36.8,22203,13682,2996,4054,562,909,22203,17289,3185,1729,0,16630,1338,801,693,992,1550,2201,2360,2910,1715,2070,82838.0,109468.0,51012.0,64855.0,66965.0,7120,624,37425,5718
Crown Heights North,BK61,Brooklyn,59285,59259,54998,4261,26,31635,53284,6812,1073,37739,3156,2138,2366,42.0,54998,23089,13775,11329,2580,4225,54998,41864,9148,3878,108,44722,6138,3531,4672,3976,5381,6389,4418,5735,2271,2211,46024.0,69419.0,37216.0,49962.0,44385.0,23498,5301,108834,27173
Crown Heights South,BK63,Brooklyn,21460,21460,19688,1772,0,11120,19217,2221,477,12860,2130,528,1001,39.4,19688,8197,5005,4082,668,1736,19688,15603,2916,1153,16,15201,1023,1199,1748,1249,2049,2875,1971,1937,530,620,52149.0,71827.0,33370.0,45878.0,42240.0,8559,1240,40024,6897
Cypress Hills-City Line,BK83,Brooklyn,22278,22272,21039,1233,6,16036,20727,4635,837,13696,924,219,416,42.7,21039,3929,6295,4881,2256,3678,21039,17293,2590,1156,0,14784,1931,725,1475,1450,1811,2810,1684,1738,745,415,49998.0,64554.0,31302.0,40235.0,34796.0,11249,2255,48839,11187
DUMBO-Vinegar Hill-Downtown Brooklyn-Boerum Hill,BK38,Brooklyn,26989,26975,24815,2160,14,10841,24457,1278,265,17074,2681,1158,2001,34.1,24815,16668,2680,4142,476,849,24815,20462,2482,1849,22,19205,1718,666,1542,1151,1121,1567,1526,3074,2114,4726,104364.0,152758.0,70210.0,100000.0,84975.0,9732,1394,44987,9332
Dyker Heights,BK30,Brooklyn,21560,21560,20089,1471,0,14379,19560,5511,1756,9384,2121,347,441,42.7,20089,6832,4793,4488,1425,2551,20089,16222,2711,1149,7,14720,967,729,1717,1384,1583,2406,1519,2133,1030,1252,59430.0,85576.0,29716.0,49973.0,52004.0,10849,1623,43644,7759
East Flatbush-Farragut,BK91,Brooklyn,26847,26826,25237,1589,21,15316,24790,6681,852,15441,960,332,524,47.2,25237,7698,8283,4778,1829,2649,25237,18931,5147,1114,45,18474,1339,680,1697,1823,2759,3569,2402,2580,922,703,55209.0,72809.0,36659.0,45119.0,43357.0,12845,1430,51825,7044
East New York,BK82,Brooklyn,41479,41435,37745,3690,44,31503,36827,8466,1496,24043,1560,341,921,44.8,37745,9173,12369,8294,2834,5075,37745,29583,6662,1442,58,34142,6122,2583,3969,3738,4727,4597,3420,3178,1055,753,36561.0,52601.0,32477.0,40331.0,38078.0,22119,5693,95872,27497
East New York (Pennsylvania Ave),BK85,Brooklyn,13293,13293,11752,1541,0,9246,11477,2475,271,7971,417,146,197,45.4,11752,2376,4658,2366,903,1449,11752,9147,2117,465,23,10468,2456,821,980,1130,1197,1640,839,905,372,128,33684.0,49135.0,28772.0,41395.0,35178.0,6399,1449,28816,8746
East Williamsburg,BK90,Brooklyn,22805,22805,21232,1573,0,9019,20696,1992,426,14900,1279,901,1198,36.9,21232,11332,3888,4237,544,1231,21232,18265,1608,1330,29,16227,1548,1250,1621,1166,1244,2066,1814,2395,1338,1785,65164.0,91339.0,48182.0,67043.0,58230.0,7493,1366,35936,7084
Erasmus,BK95,Brooklyn,14477,14477,13445,1032,0,8418,13255,1866,312,9638,825,251,363,46.3,13445,4208,4464,2670,796,1307,13445,9996,2726,723,0,10133,950,600,762,1246,1417,1710,1281,1295,466,406,51261.0,68024.0,34941.0,44332.0,38631.0,6369,800,28394,4703
Flatbush,BK42,Brooklyn,55781,55781,51890,3891,0,28524,50533,8237,1612,33759,3370,1546,2009,44.0,51890,19603,14035,9396,3165,5691,51890,40891,7344,3630,25,38816,3067,2480,3779,3696,4505,7601,4780,4862,1938,2108,55804.0,74156.0,34777.0,48332.0,44716.0,24284,3293,106409,19518
Flatlands,BK58,Brooklyn,36534,36515,33557,2958,19,21022,32839,11247,1722,17309,1166,530,865,49.3,33557,12945,8180,6947,2305,3180,33557,24212,7650,1663,32,22945,1052,833,1580,1510,2681,3920,3366,4211,2091,1701,74340.0,92808.0,39774.0,52147.0,51768.0,17450,1378,71868,6931
Fort Greene,BK68,Brooklyn,17756,17756,16214,1542,0,8943,16001,1234,403,10950,1693,737,984,37.4,16214,9315,2630,2818,377,1074,16214,12335,2363,1516,0,13317,1280,762,1052,1021,1185,1715,1258,2085,1127,1832,68894.0,110463.0,50074.0,74453.0,67122.0,6312,903,30795,6166
Georgetown-Marine Park-Bergen Beach-Mill Basin,BK45,Brooklyn,22924,22924,21736,1188,0,14729,21381,10424,2224,6808,890,297,738,44.0,21736,9988,3578,4871,1374,1925,21736,15677,4906,1130,23,16476,515,554,945,1215,1569,2199,2261,3236,2038,1944,88720.0,112856.0,49501.0,64436.0,59631.0,12432,617,47703,2915
Gravesend,BK26,Brooklyn,14318,14307,12835,1472,11,10565,12646,3215,438,6939,1203,239,612,47.9,12835,4539,2760,2814,1030,1692,12835,10049,1887,887,12,11433,1056,1234,1634,954,1288,1346,1323,1477,606,515,44500.0,68025.0,31648.0,53024.0,43012.0,7818,1356,30517,6262
Greenpoint,BK76,Brooklyn,22912,22912,21775,1137,0,7612,21317,2666,470,13961,1957,1176,1087,38.4,21775,13366,2839,3446,1177,947,21775,17845,1718,2198,14,15995,910,634,1315,862,1196,2127,2127,3122,1492,2210,86206.0,106996.0,56493.0,69026.0,63865.0,6353,519,33889,3633
Homecrest,BK25,Brooklyn,20210,20203,18929,1274,7,13584,18556,4612,1393,9109,1882,462,1098,43.3,18929,7019,3795,5116,886,2113,18929,15315,2210,1371,33,15707,957,1218,1670,1624,1773,2350,1694,2353,952,1116,56602.0,83996.0,36934.0,53200.0,45019.0,11043,1638,44919,8360
Kensington-Ocean Parkway,BK41,Brooklyn,16914,16914,15781,1133,0,9855,15302,2992,532,9660,1070,591,457,43.3,15781,6985,3116,2844,1068,1768,15781,12224,1827,1691,39,12086,492,917,1294,977,1644,2070,1467,1861,719,645,57167.0,76511.0,35319.0,48966.0,53672.0,7764,1183,35232,7424
Madison,BK44,Brooklyn,19676,19676,18706,970,0,13296,18334,5432,1058,9345,1370,284,845,47.0,18706,7798,3872,4120,1210,1706,18706,15261,2440,977,28,14902,941,826,1349,1081,1703,2228,1784,2508,1037,1445,67253.0,90492.0,41505.0,57188.0,52853.0,10433,1043,40874,5330
Midwood,BK43,Brooklyn,23902,23877,22327,1550,25,16863,21760,6460,1343,10141,2427,465,924,39.7,22327,10052,4120,4721,1229,2205,22327,18200,2417,1667,43,18684,1327,1808,1865,1635,2030,2968,1866,2389,1239,1557,55645.0,87150.0,33234.0,55560.0,46666.0,12521,2009,54332,11523
North Side-South Side,BK73,Brooklyn,36010,35992,34305,1687,18,11640,33539,2787,542,23434,3045,1425,2306,33.7,34305,21125,4307,6621,839,1413,34305,28656,2506,3047,96,24582,1827,1207,1476,1547,2123,2651,2716,3918,2496,4621,88437.0,126056.0,55583.0,83061.0,67093.0,11698,1611,56970,9752
Ocean Hill,BK79,Brooklyn,15920,15920,14931,989,0,11575,14782,2321,262,10889,663,194,453,45.3,14931,4285,4744,3008,1073,1821,14931,11249,2791,868,23,13468,2204,862,1654,1382,2170,2000,1181,1140,532,343,38618.0,55202.0,35175.0,43488.0,41007.0,8170,1878,35491,9521
Ocean Parkway South,BK46,Brooklyn,8459,8459,8026,433,0,6238,7743,2573,762,2717,1145,230,316,34.3,8026,3678,1388,2121,374,465,8026,6317,987,682,40,6752,508,510,712,705,680,1057,609,843,299,829,55672.0,96193.0,34179.0,59426.0,51902.0,4616,734,20643,4143
Park Slope-Gowanus,BK37,Brooklyn,46373,46362,44414,1948,11,14231,43729,3555,712,30088,3639,1565,4170,39.3,44414,34071,3013,5348,706,1276,44414,34569,5169,4666,10,30941,1207,570,964,1024,1745,2841,3702,5951,4324,8613,128075.0,176550.0,70833.0,100000.0,81109.0,17289,640,74345,5372
park-cemetery-etc-Brooklyn,BK99,Brooklyn,363,363,328,35,0,14,328,98,9,143,12,20,46,29.7,328,153,78,67,8,22,328,262,37,29,0,205,0,0,23,14,9,5,19,57,37,41,118464.0,136198.0,74332.0,94827.0,94166.0,111,0,432,22
Prospect Heights,BK64,Brooklyn,13670,13670,12938,732,0,4294,12664,794,129,9157,811,720,1053,38.3,12938,9127,1638,1563,302,308,12938,9908,1646,1349,35,9449,642,322,424,378,775,916,1158,1557,1190,2087,103277.0,141251.0,64443.0,89206.0,73322.0,4615,368,21210,2328
Prospect Lefferts Gardens-Wingate,BK60,Brooklyn,36355,36344,33360,2984,11,19911,32754,4409,925,23446,1882,807,1285,44.6,33360,13440,9215,6707,1662,2336,33360,25959,5453,1943,5,27232,2764,1643,2454,3005,3784,4509,3236,3245,1377,1215,49827.0,72416.0,37078.0,44402.0,44976.0,15065,2251,67725,13562
Rugby-Remsen Village,BK96,Brooklyn,28018,28018,25867,2151,0,16829,25226,6367,973,15581,1178,262,865,48.2,25867,7675,8778,5023,2117,2274,25867,18693,5630,1505,39,21004,1852,1228,2491,2241,2804,3704,2283,2788,863,750,49335.0,65997.0,35148.0,45115.0,42863.0,13150,1764,53992,8742
Seagate-Coney Island,BK21,Brooklyn,11879,11879,10350,1529,0,13410,10016,2608,509,5655,850,124,270,47.9,10350,2642,2886,2543,892,1387,10350,8010,1841,494,5,11454,1665,1894,1855,1271,1195,1279,668,1060,279,288,27818.0,49756.0,25839.0,39892.0,41759.0,7727,2301,31444,10858
Sheepshead Bay-Gerritsen Beach-Manhattan Beach,BK17,Brooklyn,32924,32882,30632,2250,42,21853,29826,9568,2657,14165,1715,434,1287,47.7,30632,13480,6078,5984,2255,2835,30632,23806,5298,1513,15,25741,1741,1976,2506,2111,2914,3763,3027,3848,1967,1888,59576.0,84027.0,41166.0,57204.0,53278.0,17150,1991,65115,9350
Starrett City,BK93,Brooklyn,5133,5133,4711,422,0,5497,4314,1195,79,2636,355,32,17,56.0,4711,1392,1510,1062,144,603,4711,2852,1762,97,0,6629,781,1239,1200,658,998,1018,435,215,40,45,26528.0,37060.0,33483.0,43136.0,45277.0,3281,803,12934,3757
Stuyvesant Heights,BK35,Brooklyn,35823,35810,32482,3328,13,20963,32006,4982,743,22332,1296,1414,1239,45.2,32482,13108,7971,7177,1490,2736,32482,25227,5285,1970,0,26566,3245,2274,2533,2529,2975,3756,3081,3298,1322,1553,48226.0,72918.0,36342.0,48380.0,44491.0,14741,3074,68908,17035
Sunset Park East,BK34,Brooklyn,32492,32492,30721,1771,0,18096,29227,3071,2489,17239,5145,677,606,43.9,30721,5893,11815,6186,2466,4361,30721,26973,1959,1721,68,19103,1168,1579,2665,2170,2734,3531,1888,2014,716,638,44939.0,62320.0,21227.0,29812.0,32670.0,14694,3940,66128,20105
Sunset Park West,BK32,Brooklyn,27929,27929,25888,2041,0,15946,25343,2433,1180,17131,3106,925,568,42.3,25888,7678,7240,4679,2544,3747,25888,22091,1967,1808,22,16590,1179,1094,1905,1509,2152,2946,1923,2005,741,1136,53359.0,76037.0,27503.0,36753.0,43344.0,11190,2501,52237,13394
West Brighton,BK23,Brooklyn,7945,7945,7587,358,0,7214,7344,2005,346,3999,725,87,182,44.1,7587,2990,1786,1665,418,728,7587,5920,1179,462,26,8390,596,1013,1157,747,1156,1342,1000,732,383,264,42906.0,61129.0,35949.0,53169.0,48332.0,4850,401,16774,2171
Williamsburg,BK72,Brooklyn,9361,9361,8997,364,0,9487,8813,1327,530,1905,4454,129,468,22.3,8997,3374,1248,3297,290,788,8997,8338,368,268,23,8258,809,1331,1715,1111,959,808,610,411,197,307,27920.0,53509.0,20717.0,36035.0,35109.0,7024,3170,34018,17439
Windsor Terrace,BK40,Brooklyn,12900,12891,12466,425,9,4985,12260,1410,328,8301,885,456,880,41.7,12466,8781,1315,1650,238,482,12466,9125,2001,1340,0,9281,439,242,465,449,623,1127,1349,1807,1028,1752,99007.0,143550.0,62119.0,89057.0,73920.0,5374,270,22751,1687
Battery Park City-Lower Manhattan,MN25,Manhattan,31373,31373,30307,1066,0,7631,29888,1372,324,16266,8843,1297,1786,26.0,30307,22601,1439,5774,306,187,30307,27366,1645,1282,14,21823,1097,366,670,409,739,1535,1511,3862,2877,8757,162555.0,214165.0,98642.0,100000.0,93897.0,9373,338,44606,3044
Central Harlem North-Polo Grounds,MN03,Manhattan,44241,44241,39050,5191,0,25182,38222,3737,750,27747,3202,931,1855,38.0,39050,15977,9687,8218,1745,3423,39050,29639,7306,2077,28,36595,4405,4024,4522,3265,3760,5665,3677,3917,1503,1857,42844.0,71178.0,36928.0,54031.0,49833.0,17791,4162,85689,23203
Central Harlem South,MN11,Manhattan,27508,27508,25764,1744,0,14662,25369,1553,415,19510,1675,654,1562,35.8,25764,13332,5113,4905,647,1767,25764,20316,3865,1566,17,20268,2589,1884,1253,1408,2043,2445,1970,2834,1394,2448,58074.0,99074.0,44833.0,62983.0,53038.0,9960,2016,50566,12101
Chinatown,MN27,Manhattan,22120,22120,20560,1560,0,17520,20115,1079,816,9598,6168,1320,1134,31.0,20560,9075,4968,4167,719,1631,20560,16818,1482,1916,344,18466,2299,1996,2653,1750,1767,2323,1765,1715,930,1268,38915.0,71131.0,34400.0,55553.0,51651.0,9322,2197,42243,11190
Clinton,MN15,Manhattan,35983,35983,33950,2033,0,10765,33500,1545,266,15428,11670,2142,2449,27.9,33950,22689,3650,5997,839,775,33950,29584,1630,2736,0,28685,2159,1618,2238,2070,2115,2997,2820,4240,2937,5491,85154.0,130078.0,70253.0,100000.0,76177.0,7373,677,49628,7759
East Harlem North,MN34,Manhattan,26340,26323,23920,2403,17,24032,23668,1898,406,17346,2499,586,933,36.4,23920,7838,6984,5987,809,2302,23920,19121,3793,933,73,25172,4800,3140,3368,2515,2788,3420,2022,1623,631,865,30241.0,52105.0,30329.0,39066.0,48292.0,13852,4551,62308,23052
East Harlem South,MN33,Manhattan,28549,28529,25636,2893,20,21695,25091,1542,232,17299,4088,775,1155,35.1,25636,11831,5380,6023,875,1527,25636,21251,2802,1558,25,24813,3513,2788,3351,2078,2599,3407,2344,1899,1077,1757,38471.0,78355.0,36114.0,53958.0,51641.0,12770,3227,57170,16882
East Village,MN22,Manhattan,27379,27379,25877,1502,0,13278,25449,1141,206,13647,6248,2521,1686,28.0,25877,17481,2921,4641,248,586,25877,22050,1444,2383,0,21725,1880,1124,1518,1829,1512,2760,2224,3446,1756,3676,77691.0,118140.0,62054.0,93912.0,73252.0,5589,543,37633,6485
Gramercy,MN21,Manhattan,18711,18600,17594,1006,111,6509,17646,688,219,9717,4656,1098,1268,25.7,17594,12846,968,3265,300,215,17594,15333,1105,1156,0,13792,622,391,688,588,685,1463,1407,2189,1666,4093,121208.0,185239.0,88084.0,100000.0,96536.0,3698,117,24036,2157
Hamilton Heights,MN04,Manhattan,31725,31725,29623,2102,0,12570,28695,1748,630,22197,1451,923,1746,39.7,29623,10856,8979,6084,1419,2285,29623,24335,2739,2537,12,19472,1805,1373,1992,2107,2237,3164,2341,2405,1028,1020,51441.0,72196.0,31218.0,41054.0,43382.0,9638,2093,52462,12348
Hudson Yards-Chelsea-Flat Iron-Union Square,MN13,Manhattan,53269,53238,51002,2236,31,16837,50306,2348,520,26729,14303,3534,2872,26.9,51002,34703,4361,10407,327,1204,51002,43864,3127,4003,8,43484,3131,1637,2697,1871,2363,4412,3559,6653,4263,12898,114710.0,189927.0,90085.0,100000.0,95378.0,13409,919,75475,9129
Lenox Hill-Roosevelt Island,MN31,Manhattan,49662,49596,48458,1138,66,19874,47589,3969,1088,24203,12218,3178,2933,30.2,48458,34386,2357,10207,614,894,48458,42477,3067,2808,106,42259,2026,769,2045,1577,2397,5609,4994,6990,4143,11709,111563.0,184460.0,82684.0,100000.0,88513.0,17157,457,79331,4950
Lincoln Square,MN14,Manhattan,37369,37369,35866,1503,0,17071,35049,2120,573,19694,6625,3079,2958,29.7,35866,25970,1634,7372,69,821,35866,30677,1898,3203,88,33700,1895,1058,1635,1547,1341,2907,2957,5381,3611,11368,130237.0,218554.0,100000.0,100000.0,100000.0,13744,709,61197,5101
Lower East Side,MN28,Manhattan,30126,30126,28177,1949,0,29264,27710,1445,775,16501,5994,2261,734,34.4,28177,12842,6939,6010,588,1798,28177,22622,3594,1822,139,31641,5232,4524,4502,2524,3420,3416,1751,3057,1159,2056,31278.0,63782.0,40324.0,55647.0,54317.0,14733,4176,68077,21002
Manhattanville,MN06,Manhattan,12024,12024,11293,731,0,7914,10954,770,8,8550,795,158,673,39.5,11293,4089,3351,2560,439,854,11293,9023,1514,717,39,8498,1514,1047,808,825,1089,891,850,846,347,281,35611.0,55639.0,28772.0,43339.0,35841.0,4529,1133,23597,6819
Marble Hill-Inwood,MN01,Manhattan,28344,28317,25943,2374,27,14896,25020,2453,719,17083,2463,756,1546,43.1,25943,9152,8299,4630,1326,2536,25943,20990,3303,1632,18,19706,1995,1414,2557,1928,1864,3338,2749,2311,690,860,50627.0,64581.0,29530.0,42036.0,41871.0,11459,2234,52739,11287
Midtown-Midtown South,MN17,Manhattan,18672,18665,17903,762,7,7279,17670,500,184,7360,7307,853,1466,23.5,17903,13321,1051,3018,243,270,17903,15656,927,1320,0,15743,1274,605,885,624,906,1001,1284,2162,1793,5209,130486.0,194326.0,94841.0,100000.0,94030.0,4658,172,26363,2886
Morningside Heights,MN09,Manhattan,23763,23745,22315,1430,18,24079,21743,1378,282,12188,5380,1086,1429,30.7,22315,14337,2872,3766,425,915,22315,18751,1780,1750,34,19186,2788,1257,1520,1461,1454,2337,1654,2314,1160,3241,62311.0,117882.0,38767.0,82841.0,61570.0,8646,931,42960,9224
Murray Hill-Kips Bay,MN20,Manhattan,32103,32065,31003,1062,38,11649,30752,593,460,13433,12900,1447,1919,25.7,31003,22874,1921,5341,589,278,31003,27310,1955,1640,98,26499,1402,1339,1398,1289,1496,3102,2464,4305,3188,6516,108247.0,150899.0,86246.0,100000.0,91200.0,7214,598,46143,5927
park-cemetery-etc-Manhattan,MN99,Manhattan,389,389,256,133,0,1481,256,0,0,224,27,0,5,0.0,256,16,137,64,15,24,256,245,11,0,0,0,0,0,0,0,0,0,0,0,0,0,0.0,0.0,9508.0,14999.0,13749.0,0,0,1378,1184
SoHo-TriBeCa-Civic Center-Little Italy,MN24,Manhattan,26608,26604,25704,900,4,9945,25281,1003,335,13023,6447,2096,2377,26.3,25704,17256,1934,5398,317,799,25704,22405,1006,2293,0,19663,985,710,981,716,1098,1948,1639,2684,1670,7232,129525.0,266241.0,83984.0,100000.0,92311.0,8820,535,41029,3532
Stuyvesant Town-Cooper Village,MN50,Manhattan,14063,14026,13689,337,37,5400,13338,567,60,7789,3005,896,1021,31.4,13689,9793,1250,2310,110,226,13689,11161,1290,1238,0,10553,587,153,369,360,942,1171,1098,2254,761,2858,109395.0,145918.0,71181.0,100000.0,79814.0,4623,200,22032,2027
Turtle Bay-East Midtown,MN19,Manhattan,34005,33973,33053,920,32,12229,32774,1863,545,12807,13157,1603,2799,27.5,33053,24511,1463,6404,222,453,33053,29018,1708,2288,39,29295,1031,348,1412,955,1691,3271,2553,4628,3672,9734,136326.0,223563.0,97935.0,100000.0,97271.0,10389,129,49671,2246
Upper East Side-Carnegie Hill,MN40,Manhattan,29933,29933,29012,921,0,17925,28621,2242,773,13995,5131,2872,3608,28.0,29012,22093,1070,5306,253,290,29012,23647,1567,3663,135,27941,1067,438,914,1124,1125,2222,2287,3437,2844,12483,173847.0,332403.0,100000.0,100000.0,100000.0,14806,427,55369,2520
Upper West Side,MN12,Manhattan,78425,78425,74481,3944,0,34682,72734,3978,1422,49550,6063,4093,7628,33.4,74481,53869,6730,10796,1453,1633,74481,59962,5786,8596,137,64412,4328,2306,3566,3207,4021,6657,5568,9575,6361,18823,112188.0,205755.0,75607.0,100000.0,93157.0,29993,2137,131163,13410
Washington Heights North,MN35,Manhattan,39869,39862,35866,3996,7,21771,34118,2571,1237,24064,3678,751,1817,42.5,35866,14924,9169,6479,1583,3711,35866,29176,3886,2762,42,26005,2118,1653,2757,2175,3523,4474,3164,3660,1276,1205,53885.0,71900.0,30562.0,48087.0,44659.0,15082,2530,70609,13871
Washington Heights South,MN36,Manhattan,53735,53735,48838,4897,0,26877,47537,3906,2024,32002,5876,1195,2534,39.2,48838,15696,15916,8399,3029,5798,48838,40561,4828,3395,54,30589,2892,2790,3167,2863,3386,5288,3149,4275,1822,957,50880.0,67649.0,27978.0,38920.0,38662.0,17082,3072,92277,20966
West Village,MN23,Manhattan,43518,43505,41621,1884,13,17338,41207,2029,614,20913,10112,3539,4000,24.3,41621,31374,2096,7380,247,524,41621,35265,2022,4281,53,36154,1388,900,1707,1630,2193,3122,3190,5625,4192,12207,133245.0,213703.0,93210.0,100000.0,100000.0,11043,247,62007,4195
Yorkville,MN32,Manhattan,51960,51960,50279,1681,0,17064,49579,3173,829,32914,6511,3551,2601,34.3,50279,35625,2997,10458,522,677,50279,44043,3064,3142,30,41994,1700,985,2162,1439,2572,5534,4886,8064,4241,10411,111060.0,168839.0,76172.0,100000.0,77885.0,16095,395,77820,4916
Airport,QN98,Queens,0,0,0,0,0,0,0,0,0,0,0,0,0,0.0,0,0,0,0,0,0,0,0,0,0,0,0,0,0,0,0,0,0,0,0,0,0,0.0,0.0,0.0,0.0,0.0,0,0,0,0
Astoria,QN70,Queens,48267,48267,45199,3068,0,17921,43461,5040,896,32218,3009,966,1332,39.4,45199,22481,8865,8462,2170,3221,45199,37707,4450,2999,43,33509,2148,1473,3248,2405,3626,5696,4433,5892,2785,1803,67047.0,83094.0,45601.0,57151.0,55721.0,15438,1477,74639,9281
Auburndale,QN48,Queens,10445,10445,9948,497,0,6929,9708,4624,1107,3508,193,86,190,44.7,9948,3942,1861,2361,902,882,9948,8123,1381,406,38,7006,397,173,478,366,781,1339,864,1379,639,590,74404.0,92197.0,39292.0,53589.0,51843.0,5288,422,20566,1532
Baisley Park,QN76,Queens,20974,20963,19214,1749,11,10510,18440,7588,931,8535,612,503,271,49.6,19214,5074,5118,4557,1969,2496,19214,14555,3888,753,18,11276,504,479,770,721,1536,2124,1752,2061,820,509,69098.0,84877.0,33762.0,43202.0,39487.0,8718,828,38990,4793
Bayside-Bayside Hills,QN46,Queens,22517,22505,21630,875,12,14049,21023,10238,2203,7167,775,107,533,43.3,21630,10059,3566,5088,1549,1368,21630,17291,3345,966,28,15475,537,408,1001,1031,1389,2401,2186,3223,1540,1759,86098.0,104934.0,47775.0,63788.0,57416.0,11070,806,42745,3555
Bellerose,QN43,Queens,13781,13781,13120,661,0,8424,12917,7626,1134,3448,248,87,374,43.6,13120,5380,2133,2870,851,1886,13120,10014,2488,607,11,8221,353,334,372,366,809,1281,1153,1772,1045,736,87910.0,103468.0,45251.0,58375.0,54619.0,6367,431,27103,2399
Breezy Point-Belle Harbor-Rockaway Park-Broad Channel,QN10,Queens,13117,13111,12408,703,6,9738,12206,7281,751,2917,610,206,441,47.1,12408,5920,1967,2511,1123,887,12408,8221,3788,399,0,10870,573,426,641,695,945,1663,1460,1743,1307,1417,83423.0,112818.0,57480.0,77635.0,69195.0,6524,370,26820,2346
Briarwood-Jamaica Hills,QN35,Queens,24099,24099,22027,2072,0,11658,21612,6101,790,12359,1399,387,576,45.4,22027,7753,4647,5509,1577,2541,22027,17413,2748,1852,14,14326,857,462,1289,1335,1457,2659,1907,2455,975,930,66609.0,84052.0,35241.0,48388.0,49775.0,9613,1168,42566,6734
Cambria Heights,QN33,Queens,11688,11675,10935,740,13,6328,10656,5379,716,4149,74,64,274,48.9,10935,3777,2760,2498,662,1238,10935,7862,2740,333,0,6336,260,129,225,363,455,954,926,1476,839,709,96110.0,112055.0,42469.0,52808.0,53335.0,4969,115,21148,810
College Point,QN23,Queens,11793,11785,11292,493,8,8104,10967,4944,1483,3581,636,119,204,40.4,11292,2718,2938,2902,1205,1529,11292,9557,1267,452,16,7737,414,214,811,884,978,1492,926,1230,471,317,58810.0,75602.0,33737.0,41903.0,40844.0,5759,555,24115,3085
Corona,QN25,Queens,28924,28924,27575,1349,0,15783,26411,5022,1279,16048,2796,707,559,45.2,27575,3749,10351,5210,3842,4423,27575,22383,2585,2599,8,16451,1185,812,1700,2021,2832,2932,2300,1886,537,246,48015.0,61173.0,25512.0,33541.0,32912.0,12743,2346,57796,11899
Douglas Manor-Douglaston-Little Neck,QN45,Queens,12901,12901,12345,556,0,8830,11828,6547,992,3323,310,197,459,43.1,12345,6358,1551,2969,695,772,12345,9578,1905,785,77,9812,341,140,508,798,775,1639,1158,2229,1086,1138,90219.0,112436.0,54194.0,74797.0,65744.0,6961,370,25467,1499
East Elmhurst,QN27,Queens,9442,9442,8807,635,0,6230,8069,2008,721,4542,433,237,128,44.3,8807,1786,2783,1665,1134,1439,8807,7265,908,634,0,5541,426,215,592,607,864,870,721,816,236,194,52230.0,67905.0,27967.0,36824.0,33864.0,3794,547,19228,3415
East Flushing,QN52,Queens,12272,12266,11754,512,6,9832,11431,3723,1690,4693,835,150,340,41.6,11754,3329,3379,2454,962,1630,11754,9828,1244,671,11,8275,525,568,984,829,1368,1052,866,1259,469,355,48313.0,70263.0,28529.0,38452.0,39637.0,6311,912,25626,4308
Elmhurst,QN29,Queens,44153,44153,42022,2131,0,22792,39814,5485,1693,28250,2997,690,699,42.7,42022,9449,15016,7907,3841,5809,42022,34840,3092,4009,81,26304,1937,971,3325,3051,3888,5395,2851,2980,1102,804,49910.0,65330.0,27953.0,36306.0,32562.0,18035,2196,81203,12537
Elmhurst-Maspeth,QN50,Queens,13178,13178,12716,462,0,7140,12301,2860,817,7607,505,187,325,40.5,12716,3500,3417,2679,899,2221,12716,10838,1097,775,6,7795,169,416,798,647,1098,1676,1013,1092,555,331,61374.0,77369.0,32200.0,38764.0,38427.0,5327,591,24172,3125
Far Rockaway-Bayswater,QN15,Queens,24512,24481,22450,2031,31,16360,21811,9207,1524,8212,1584,576,708,49.8,22450,7850,6706,4311,1411,2172,22450,17755,3167,1528,0,17288,1937,1370,1540,1568,2195,3196,1732,2002,988,760,50213.0,67475.0,32964.0,46366.0,40444.0,11736,2038,54523,10810
Flushing,QN22,Queens,33922,33885,32621,1264,37,26276,31657,5766,5206,14034,5945,167,539,39.3,32621,7971,11295,7544,2226,3585,32621,28987,2609,1025,0,26308,3290,2069,3566,3541,3710,3887,2223,2245,1041,736,37513.0,56347.0,26321.0,36017.0,34839.0,17752,3870,69152,16949
Forest Hills,QN17,Queens,47795,47777,45629,2148,18,25815,44614,9840,2108,27618,2441,497,2110,43.8,45629,26432,6360,9011,1391,2435,45629,36831,6148,2559,91,39815,2398,1783,3073,2495,3110,6370,5235,7031,3925,4395,78239.0,104553.0,58410.0,75363.0,65080.0,21967,1459,87804,8531
Fresh Meadows-Utopia,QN41,Queens,9738,9738,9041,697,0,5837,8752,3923,894,3363,147,42,383,46.1,9041,3916,1512,2646,247,720,9041,7058,1453,530,0,6653,398,183,398,550,651,1123,819,1150,817,564,75716.0,94530.0,43193.0,58426.0,59432.0,4903,499,18696,2044
Ft. Totten-Bay Terrace-Clearview,QN47,Queens,10873,10873,10385,488,0,8220,10123,6063,751,2753,135,88,333,43.0,10385,5376,1188,2438,780,603,10385,7865,1850,636,34,10160,526,394,659,556,823,1624,1635,1643,1331,969,82613.0,101093.0,59706.0,75540.0,69257.0,6305,388,22684,1651
Glen Oaks-Floral Park-New Hyde Park,QN44,Queens,11602,11602,11062,540,0,9385,10702,6948,1018,1918,441,36,341,37.6,11062,4889,1401,2971,500,1301,11062,8281,2126,642,13,9023,210,336,447,801,712,1422,1351,1942,958,844,85796.0,103468.0,48883.0,65434.0,58895.0,5634,199,23287,1534
Glendale,QN19,Queens,18612,18586,17750,836,26,10052,17452,7308,1034,7568,946,276,320,40.6,17750,5566,4316,3934,1755,2179,17750,13970,3016,753,11,11985,517,414,719,754,1110,2104,2119,2451,999,798,79417.0,91661.0,42710.0,53127.0,45668.0,8836,549,35544,3013
Hammels-Arverne-Edgemere,QN12,Queens,18138,18089,16009,2080,49,12932,15784,6521,721,7538,403,381,220,55.8,16009,4844,4962,2831,1491,1881,16009,12166,3164,669,10,13922,1609,1058,1917,1377,1928,2026,1250,1468,757,532,42461.0,63787.0,34092.0,49917.0,42992.0,9743,2107,40084,9742
Hollis,QN07,Queens,12104,12104,11208,896,0,5330,11038,4862,289,5241,249,122,275,49.3,11208,3163,3216,2426,1023,1380,11208,8893,1731,542,42,6298,303,239,543,393,567,1138,906,1031,706,472,74215.0,88956.0,35593.0,49478.0,44132.0,4784,398,20895,2273
Hunters Point-Sunnyside-West Maspeth,QN31,Queens,43994,43994,42079,1915,0,15295,41171,5895,1111,30067,1857,877,1364,36.2,42079,19992,8159,7511,2152,4265,42079,34389,3892,3781,17,29512,1206,902,1941,2348,3245,5143,3612,5084,2416,3615,74845.0,104067.0,44845.0,54157.0,55735.0,15061,1012,68795,7251
Jackson Heights,QN28,Queens,52924,52924,50182,2742,0,29299,48189,10344,2842,29515,3700,701,1087,41.2,50182,14270,14711,10009,3947,7245,50182,40099,5323,4745,15,35555,1854,1555,3403,3989,5045,6849,4358,4555,2217,1730,57014.0,75438.0,34039.0,42274.0,41426.0,22674,2429,97973,12384
Jamaica,QN61,Queens,27137,27137,24787,2350,0,15424,24374,5935,978,14798,1841,431,391,48.5,24787,5186,7465,5131,2648,4357,24787,19886,2417,2475,9,15947,1072,1012,1788,1677,2638,3061,1849,1742,711,397,48696.0,63445.0,28206.0,37940.0,36418.0,11948,1741,53246,9396
Jamaica Estates-Holliswood,QN06,Queens,14360,14360,13364,996,0,8001,13085,5723,559,5617,492,69,625,43.3,13364,5414,2390,3573,735,1252,13364,10251,2373,740,0,9338,240,279,834,661,1240,1742,1178,1411,753,1000,70567.0,97199.0,40030.0,52147.0,53992.0,5924,229,25687,1564
Kew Gardens,QN60,Queens,12720,12720,12242,478,0,6330,11620,3373,468,6153,564,438,624,43.0,12242,5909,1829,2568,591,1345,12242,9505,1674,1027,36,9930,613,434,852,759,866,1976,1436,1469,787,738,68955.0,89377.0,47879.0,63908.0,55970.0,5182,568,23119,2691
Kew Gardens Hills,QN37,Queens,18190,18150,16999,1151,40,11291,16227,6591,1027,6722,1210,159,518,41.8,16999,7827,3198,3795,740,1439,16999,13347,2551,1099,2,13019,581,573,1338,1093,1330,2216,1933,2155,1097,703,66310.0,84294.0,37379.0,52844.0,53362.0,9185,880,36344,4283
Laurelton,QN66,Queens,14285,14276,13410,866,9,7638,12865,6661,684,4905,197,195,223,50.6,13410,4383,3588,2872,1002,1565,13410,9442,3581,379,8,8132,304,156,424,492,709,1189,1256,1772,1066,764,90763.0,104916.0,42649.0,53569.0,52396.0,6179,296,26427,1844
Lindenwood-Howard Beach,QN57,Queens,14031,13987,13174,813,44,10152,12835,7742,1011,3574,323,102,83,41.3,13174,4784,2078,3719,1066,1527,13174,9991,2666,488,29,10680,704,465,704,720,1421,1560,1254,1773,1202,877,70611.0,100462.0,45371.0,63830.0,54925.0,7776,863,29015,3370
Maspeth,QN30,Queens,16430,16430,15509,921,0,9272,15178,5666,1059,7105,737,234,377,42.8,15509,5011,3262,3408,2142,1686,15509,12519,2141,814,35,10768,432,431,908,832,1071,1821,1530,2076,949,718,73494.0,93741.0,41232.0,57135.0,48691.0,7433,551,31885,2969
Middle Village,QN21,Queens,21163,21144,20135,1009,19,12050,19656,8101,1218,8456,1253,166,462,43.4,20135,8177,3735,4744,1683,1796,20135,15493,3775,853,14,14814,796,417,1010,1106,1527,2371,1805,2911,1734,1137,77492.0,96352.0,46391.0,61523.0,52503.0,10210,557,39985,3228
Murray Hill,QN51,Queens,24047,24036,23024,1012,11,18765,22368,7197,2658,9295,2676,267,275,40.2,23024,7294,6179,5337,1763,2451,23024,19468,2411,1133,12,17425,1428,802,2364,1786,1856,2980,1981,2293,928,1007,53757.0,73597.0,31197.0,41450.0,37408.0,12207,1520,49484,7523
North Corona,QN26,Queens,28382,28382,26959,1423,0,11696,26191,3379,1402,18446,2311,366,287,45.6,26959,2641,10432,3697,5794,4395,26959,22542,1288,3115,14,12045,480,532,1280,1250,1842,2426,1793,1644,479,319,55236.0,68097.0,23333.0,30718.0,27049.0,9743,1684,53357,10533
Oakland Gardens,QN42,Queens,15555,15555,14801,754,0,9118,14510,7342,1530,4777,265,120,476,46.8,14801,6385,2181,3920,1075,1240,14801,11438,2647,716,0,11348,571,243,709,927,1088,2081,1186,2452,1174,917,76158.0,100540.0,47726.0,61161.0,58829.0,7941,562,30245,2741
Old Astoria,QN71,Queens,14535,14535,13624,911,0,6879,12886,1921,314,9045,794,413,399,40.0,13624,6365,3026,2566,670,997,13624,11312,1281,970,61,10636,653,559,1103,1010,1298,1590,1260,1599,738,826,61029.0,85973.0,44848.0,54383.0,57325.0,5260,865,24449,4562
Ozone Park,QN56,Queens,12333,12330,11445,885,3,7284,11098,4256,828,5179,435,175,225,45.8,11445,3381,2580,2824,1106,1554,11445,9012,1777,646,10,6996,335,201,646,466,649,1145,1013,1335,711,495,76381.0,90427.0,36903.0,54684.0,48804.0,5803,673,24451,3489
park-cemetery-etc-Queens,QN99,Queens,80,80,80,0,0,74,76,27,0,28,4,0,17,23.8,80,33,9,25,0,13,80,67,9,4,0,41,0,0,10,4,8,3,4,4,4,4,48123.0,70110.0,25555.0,39999.0,100000.0,38,10,159,70
Pomonok-Flushing Heights-Hillcrest,QN38,Queens,18228,18228,16221,2007,0,11667,15706,6459,1417,6160,988,128,554,43.8,16221,5258,3719,4425,1456,1363,16221,13041,2304,859,17,12175,1103,623,1139,1354,1640,1877,1337,1538,825,739,53626.0,77575.0,28970.0,54219.0,44562.0,8781,1308,34694,6198
Queens Village,QN34,Queens,30068,30068,27144,2924,0,15173,26629,12313,1842,11073,553,391,457,49.0,27144,8174,6652,6330,2408,3580,27144,20761,5247,1132,4,15428,650,549,1072,1331,1582,2266,2258,3022,1624,1074,77922.0,90916.0,35084.0,45019.0,44185.0,12658,978,53977,4515
Queensboro Hill,QN62,Queens,9752,9752,9233,519,0,6850,9063,3295,1343,3739,286,277,123,45.4,9233,2497,2804,1975,746,1211,9233,7849,1004,363,17,5870,368,265,648,685,653,1019,599,918,302,413,56527.0,76677.0,29053.0,40277.0,44845.0,4724,681,20226,3126
Queensbridge-Ravenswood-Long Island City,QN68,Queens,9462,9462,8303,1159,0,6035,7902,847,156,5541,770,212,376,40.6,8303,2466,2481,1889,453,1014,8303,7130,653,512,8,7891,1033,1142,1243,792,981,992,635,573,253,247,31284.0,53740.0,29877.0,48406.0,39404.0,4361,1239,19208,5862
Rego Park,QN18,Queens,14687,14677,14064,613,10,9116,13567,3139,659,8082,875,190,622,43.9,14064,6905,2257,3150,593,1159,14064,11525,1656,856,27,12302,1013,529,1269,896,1362,1885,1591,1975,1012,770,63494.0,82629.0,47831.0,61713.0,61166.0,6913,706,27694,3788
Richmond Hill,QN54,Queens,33942,33927,31543,2384,15,18410,30606,9257,2320,15822,1989,427,791,45.7,31543,7190,8194,6631,4377,5151,31543,25284,3527,2673,59,17333,857,548,1367,1626,2103,3459,2335,2748,1319,971,66302.0,82325.0,30321.0,42297.0,39113.0,14242,1713,64668,9835
Ridgewood,QN20,Queens,41346,41336,39213,2123,10,18593,38690,7397,1463,25335,3006,533,956,42.4,39213,10803,10702,7853,4856,4999,39213,32415,4078,2711,9,24322,1489,878,1826,1998,2993,4097,3711,4676,1583,1071,67804.0,81047.0,37900.0,45079.0,41641.0,16986,1935,75206,9715
Rosedale,QN05,Queens,14388,14363,13545,818,25,7099,13279,7249,926,4420,307,203,174,52.1,13545,4727,3358,3080,903,1477,13545,10130,3091,324,0,7629,256,317,375,392,590,1122,1276,1836,866,599,89938.0,100691.0,41103.0,52256.0,50745.0,6061,327,26053,1999
South Jamaica,QN01,Queens,22078,22073,18779,3294,5,12422,18296,7029,1018,9126,736,144,243,48.8,18779,4133,5930,4667,1307,2742,18779,13975,3635,1155,14,12277,832,792,1284,1029,1576,2250,1647,1661,752,454,56179.0,73910.0,30265.0,41226.0,40254.0,9179,1143,43096,6907
South Ozone Park,QN55,Queens,43755,43737,40114,3623,18,24339,39486,16029,2844,17761,1215,851,786,47.9,40114,10000,9743,10365,4407,5599,40114,31607,5770,2694,43,21765,989,691,1690,1717,2620,3678,2936,3841,1861,1742,71205.0,90789.0,32416.0,44420.0,40963.0,18554,1949,82667,10081
Springfield Gardens North,QN02,Queens,13976,13966,13257,709,10,8462,12795,5864,485,5343,465,250,388,49.7,13257,4369,3542,3004,610,1732,13257,8806,4032,419,0,10635,638,358,979,794,1384,2480,1298,2051,387,266,60039.0,71380.0,41431.0,53967.0,49121.0,6247,249,27326,2130
Springfield Gardens South-Brookville,QN03,Queens,11161,11144,10307,837,17,5894,9790,4772,608,3912,212,70,216,47.9,10307,2814,2934,2673,695,1191,10307,7549,2201,557,0,5962,182,163,281,369,697,915,1240,1077,754,284,82539.0,92616.0,36841.0,49548.0,46544.0,4891,345,21556,2477
St. Albans,QN08,Queens,28577,28518,26263,2255,59,14409,25461,12137,1183,10696,600,400,445,48.6,26263,8035,7771,6035,1687,2735,26263,19058,6355,832,18,15701,628,646,899,1206,1543,2705,2276,3205,1487,1106,77454.0,93423.0,39469.0,50791.0,46456.0,11913,820,52509,4316
Steinway,QN72,Queens,29530,29483,28143,1340,47,12467,26865,5246,1368,16936,1691,392,1232,40.8,28143,13737,4216,6264,1643,2283,28143,23198,2990,1930,25,19543,783,607,1400,1645,1951,3467,2663,3870,1677,1480,74387.0,96276.0,45980.0,58015.0,55890.0,10514,685,48174,4742
Whitestone,QN49,Queens,15715,15676,14834,842,39,10450,14458,8497,1716,3505,248,73,419,40.6,14834,6265,2293,4147,1121,1008,14834,12097,2198,484,55,11176,329,361,791,734,1042,1546,1653,2346,1200,1174,86871.0,106229.0,43608.0,70534.0,55484.0,8559,438,31782,1831
Woodhaven,QN53,Queens,31244,31230,29009,2221,14,17285,28126,7887,1421,16368,1252,349,849,48.7,29009,7422,7985,6626,2759,4217,29009,23674,3797,1515,23,16846,793,446,1379,1375,2001,2769,2660,3243,1314,866,71580.0,85858.0,32483.0,43878.0,41348.0,13539,1374,60378,7381
Woodside,QN63,Queens,23599,23599,22594,1005,0,13497,22253,3910,1097,15337,1153,331,425,38.2,22594,6830,5575,4361,1635,4193,22594,18606,1990,1974,24,15807,604,694,1146,1857,2485,3349,2089,1972,1010,601,58729.0,74166.0,34455.0,40977.0,40167.0,9806,751,43552,4499
